old_path,new_path
77-Archive/junk/old-dashboards/OLD_PROCESS_LOG_20260208_195725.md,22-Dashboards/_RON/Zettel-Junk.md
77-Archive/junk/old-dashboards/OLD_raduLinkNAFLDMetabolic2023.md,22-Dashboards/_RON/Zettel-Junk.md
77-Archive/junk/old-dashboards/OLD_rayssiguierMagnesiumDeficiencyMetabolic2010.md,22-Dashboards/_RON/Zettel-Junk.md
77-Archive/junk/old-dashboards/OLD_README.md,22-Dashboards/_RON/Zettel-Junk.md
77-Archive/junk/old-dashboards/OLD_reavenBantingLecture19881988.md,22-Dashboards/_RON/Zettel-Junk.md
77-Archive/junk/old-dashboards/OLD_reddyMetabolicSyndromeInflammatory2019.md,22-Dashboards/_RON/Zettel-Junk.md
77-Archive/junk/old-dashboards/OLD_sungRoleVitaminInsulin2012.md,22-Dashboards/_RON/Zettel-Junk.md
77-Archive/junk/old-dashboards/OLD_TEST-Dashboard.md,22-Dashboards/_RON/Zettel-Junk.md
77-Archive/junk/old-dashboards/OLD_theikRelationshipEffectsVitamin2021.md,22-Dashboards/_RON/Zettel-Junk.md
77-Archive/junk/old-dashboards/OLD_thomas-valdesAssociationVitaminDeficiency2017.md,22-Dashboards/_RON/Zettel-Junk.md
77-Archive/junk/old-dashboards/OLD_tuneCardiovascularConsequencesMetabolic2017.md,22-Dashboards/_RON/Zettel-Junk.md
77-Archive/junk/old-dashboards/OLD_vanballegooijenSynergisticInterplayVitamins2017.md,22-Dashboards/_RON/Zettel-Junk.md
77-Archive/junk/old-dashboards/OLD_zhangVitaminK2Health2024.md,22-Dashboards/_RON/Zettel-Junk.md
77-Archive/junk/old-templates/OLD_100_Templates_About.md,22-Dashboards/_RON/Zettel-Junk.md
77-Archive/junk/old-templates/OLD_20260208-100_templates---about-3C3004.md,22-Dashboards/_RON/Zettel-Junk.md
77-Archive/junk/old-templates/OLD_20260208-clinical-report-template-BDD953.md,22-Dashboards/_RON/Zettel-Junk.md
77-Archive/junk/old-templates/OLD_20260208-phd-research-protocol-template-9C3243.md,22-Dashboards/_RON/Zettel-Junk.md
77-Archive/junk/old-templates/OLD_20260208-public-communication-template-560FD8.md,22-Dashboards/_RON/Zettel-Junk.md
77-Archive/junk/old-templates/OLD_20260208-template-mcmd.md,22-Dashboards/_RON/Zettel-Junk.md
77-Archive/junk/old-templates/OLD_20260208-template_metabolomics_intake_preanalytics_minimumsmd.md,22-Dashboards/_RON/Zettel-Junk.md
77-Archive/junk/old-templates/OLD_20260208-templates-notesmd.md,22-Dashboards/_RON/Zettel-Junk.md
77-Archive/junk/old-templates/OLD_20260208-template_zettel_dense-0DDB6B.md,22-Dashboards/_RON/Zettel-Junk.md
77-Archive/junk/old-templates/OLD_20260208-template-zotero-basic-importmd.md,22-Dashboards/_RON/Zettel-Junk.md
77-Archive/junk/old-templates/OLD_Clinic_Report_Template.md,22-Dashboards/_RON/Zettel-Junk.md
77-Archive/junk/old-templates/OLD_PhD_Protocol_Template.md,22-Dashboards/_RON/Zettel-Junk.md